{
  "results": [
    {
      "command": "biopython",
      "mean": 6.66350475094,
      "stddev": 0.035887384438502305,
      "median": 6.66203020914,
      "user": 6.27211268,
      "system": 0.38398627999999996,
      "min": 6.62638991814,
      "max": 6.71055420914,
      "times": [
        6.68686541714,
        6.66203020914,
        6.62638991814,
        6.71055420914,
        6.63168400114
      ],
      "exit_codes": [
        0,
        0,
        0,
        0,
        0
      ]
    },
    {
      "command": "biobear",
      "mean": 1.86601730074,
      "stddev": 0.035771543813108486,
      "median": 1.86772795914,
      "user": 3.28508748,
      "system": 2.93783908,
      "min": 1.81784545914,
      "max": 1.91719758414,
      "times": [
        1.86772795914,
        1.87272429214,
        1.81784545914,
        1.91719758414,
        1.85459120914
      ],
      "exit_codes": [
        0,
        0,
        0,
        0,
        0
      ]
    }
  ]
}
